"","EmployeeID","Leaves"
"1","1",17
"2","2",13
"3","3",7
"4","4",14
"5","5",4
"6","6",12
"7","7",17
"8","8",6
"9","9",19
"10","10",15
"11","11",8
"12","12",8
"13","13",20
"14","14",14
"15","15",8
"16","16",12
"17","17",22
"18","18",3
"19","19",17
"20","20",18
"21","21",17
"22","22",16
"23","23",17
"24","24",7
"25","25",18
"26","26",8
"27","27",10
"28","28",13
"29","29",6
"30","30",19
"31","31",11
"32","32",7
"33","33",15
"34","34",6
"35","35",9
"36","36",17
"37","37",7
"38","38",19
"39","39",22
"40","40",10
"41","41",5
"42","42",14
"43","43",7
"44","44",9
"45","45",5
"46","46",9
"47","47",14
"48","48",12
"49","49",22
"50","50",21
"51","51",7
"52","52",12
"53","53",10
"54","54",13
"55","55",5
"56","56",12
"57","57",4
"58","58",22
"59","59",6
"60","60",10
"61","61",5
"62","62",10
"63","63",18
"64","64",6
"65","65",12
"66","66",2
"67","67",17
"68","68",22
"69","69",21
"70","70",3
"71","71",7
"72","72",6
"73","73",14
"74","74",18
"75","75",17
"76","76",11
"77","77",7
"78","78",18
"79","79",19
"80","80",10
"81","81",17
"82","82",5
"83","83",13
"84","84",7
"85","85",11
"86","86",5
"87","87",16
"88","88",12
"89","89",10
"90","90",10
"91","91",12
"92","92",16
"93","93",21
"94","94",18
"95","95",16
"96","96",2
"97","97",4
"98","98",6
"99","99",10
"100","100",5
"101","101",17
"102","102",11
"103","103",14
"104","104",16
"105","105",20
"106","106",18
"107","107",18
"108","108",21
"109","109",16
"110","110",19
"111","111",15
"112","112",3
"113","113",19
"114","114",4
"115","115",13
"116","116",15
"117","117",17
"118","118",9
"119","119",21
"120","120",15
"121","121",14
"122","122",13
"123","123",19
"124","124",18
"125","125",9
"126","126",18
"127","127",13
"128","128",9
"129","129",9
"130","130",19
"131","131",14
"132","132",4
"133","133",14
"134","134",11
"135","135",22
"136","136",15
"137","137",17
"138","138",22
"139","139",11
"140","140",17
"141","141",16
"142","142",17
"143","143",4
"144","144",10
"145","145",4
"146","146",8
"147","147",13
"148","148",13
"149","149",6
"150","150",12
"151","151",14
"152","152",16
"153","153",19
"154","154",17
"155","155",12
"156","156",11
"157","157",13
"158","158",22
"159","159",12
"160","160",19
"161","161",22
"162","162",15
"163","163",7
"164","164",12
"165","165",15
"166","166",10
"167","167",18
"168","168",6
"169","169",9
"170","170",18
"171","171",19
"172","172",7
"173","173",15
"174","174",8
"175","175",15
"176","176",15
"177","177",13
"178","178",15
"179","179",5
"180","180",8
"181","181",7
"182","182",21
"183","183",12
"184","184",13
"185","185",5
"186","186",15
"187","187",18
"188","188",15
"189","189",19
"190","190",16
"191","191",5
"192","192",7
"193","193",7
"194","194",13
"195","195",23
"196","196",5
"197","197",21
"198","198",8
"199","199",15
"200","200",8
"201","201",10
"202","202",19
"203","203",20
"204","204",21
"205","205",12
"206","206",16
"207","207",9
"208","208",21
"209","209",10
"210","210",8
"211","211",5
"212","212",8
"213","213",7
"214","214",10
"215","215",12
"216","216",8
"217","217",18
"218","218",7
"219","219",17
"220","220",5
"221","221",22
"222","222",3
"223","223",16
"224","224",18
"225","225",10
"226","226",10
"227","227",15
"228","228",10
"229","229",6
"230","230",7
"231","231",14
"232","232",4
"233","233",7
"234","234",6
"235","235",12
"236","236",21
"237","237",16
"238","238",10
"239","239",19
"240","240",18
"241","241",22
"242","242",14
"243","243",7
"244","244",12
"245","245",14
"246","246",10
"247","247",21
"248","248",5
"249","249",11
"250","250",15
"251","251",12
"252","252",7
"253","253",21
"254","254",12
"255","255",19
"256","256",11
"257","257",3
"258","258",18
"259","259",15
"260","260",8
"261","261",7
"262","262",20
"263","263",19
"264","264",15
"265","265",20
"266","266",3
"267","267",17
"268","268",8
"269","269",16
"270","270",15
"271","271",3
"272","272",16
"273","273",18
"274","274",19
"275","275",18
"276","276",7
"277","277",19
"278","278",22
"279","279",12
"280","280",12
"281","281",16
"282","282",22
"283","283",20
"284","284",11
"285","285",20
"286","286",8
"287","287",20
"288","288",16
"289","289",6
"290","290",10
"291","291",13
"292","292",6
"293","293",18
"294","294",8
"295","295",16
"296","296",15
"297","297",5
"298","298",20
"299","299",22
"300","300",18
"301","301",22
"302","302",12
"303","303",11
"304","304",19
"305","305",11
"306","306",17
"307","307",14
"308","308",17
"309","309",17
"310","310",5
"311","311",10
"312","312",17
"313","313",7
"314","314",17
"315","315",9
"316","316",19
"317","317",10
"318","318",5
"319","319",11
"320","320",6
"321","321",7
"322","322",18
"323","323",5
"324","324",21
"325","325",6
"326","326",20
"327","327",7
"328","328",12
"329","329",8
"330","330",12
"331","331",13
"332","332",1
"333","333",8
"334","334",7
"335","335",11
"336","336",21
"337","337",16
"338","338",17
"339","339",12
"340","340",17
"341","341",19
"342","342",21
"343","343",18
"344","344",17
"345","345",4
"346","346",18
"347","347",6
"348","348",7
"349","349",14
"350","350",18
"351","351",21
"352","352",18
"353","353",15
"354","354",11
"355","355",5
"356","356",7
"357","357",19
"358","358",4
"359","359",18
"360","360",10
"361","361",11
"362","362",8
"363","363",18
"364","364",14
"365","365",15
"366","366",19
"367","367",4
"368","368",12
"369","369",7
"370","370",15
"371","371",8
"372","372",22
"373","373",17
"374","374",8
"375","375",19
"376","376",7
"377","377",6
"378","378",20
"379","379",18
"380","380",20
"381","381",12
"382","382",8
"383","383",19
"384","384",14
"385","385",13
"386","386",10
"387","387",9
"388","388",7
"389","389",16
"390","390",13
"391","391",14
"392","392",5
"393","393",15
"394","394",5
"395","395",12
"396","396",21
"397","397",4
"398","398",14
"399","399",2
"400","400",12
"401","401",10
"402","402",22
"403","403",5
"404","404",8
"405","405",15
"406","406",4
"407","407",5
"408","408",12
"409","409",8
"410","410",18
"411","411",13
"412","412",10
"413","413",10
"414","414",3
"415","415",21
"416","416",11
"417","417",10
"418","418",6
"419","419",11
"420","420",17
"421","421",10
"422","422",5
"423","423",10
"424","424",5
"425","425",7
"426","426",16
"427","427",23
"428","428",8
"429","429",16
"430","430",11
"431","431",8
"432","432",7
"433","433",18
"434","434",4
"435","435",14
"436","436",12
"437","437",5
"438","438",23
"439","439",12
"440","440",20
"441","441",12
"442","442",11
"443","443",19
"444","444",7
"445","445",20
"446","446",21
"447","447",12
"448","448",19
"449","449",12
"450","450",14
"451","451",7
"452","452",11
"453","453",17
"454","454",13
"455","455",5
"456","456",8
"457","457",19
"458","458",8
"459","459",18
"460","460",16
"461","461",7
"462","462",7
"463","463",14
"464","464",6
"465","465",5
"466","466",7
"467","467",5
"468","468",17
"469","469",7
"470","470",14
"471","471",19
"472","472",9
"473","473",16
"474","474",8
"475","475",21
"476","476",19
"477","477",21
"478","478",6
"479","479",18
"480","480",11
"481","481",12
"482","482",6
"483","483",11
"484","484",21
"485","485",13
"486","486",4
"487","487",15
"488","488",13
"489","489",22
"490","490",21
"491","491",16
"492","492",13
"493","493",5
"494","494",21
"495","495",8
"496","496",9
"497","497",14
"498","498",6
"499","499",11
"500","500",6
"501","501",8
"502","502",5
"503","503",7
"504","504",15
"505","505",18
"506","506",5
"507","507",7
"508","508",11
"509","509",15
"510","510",19
"511","511",23
"512","512",4
"513","513",15
"514","514",12
"515","515",16
"516","516",17
"517","517",22
"518","518",8
"519","519",6
"520","520",20
"521","521",10
"522","522",7
"523","523",16
"524","524",18
"525","525",6
"526","526",12
"527","527",19
"528","528",11
"529","529",6
"530","530",18
"531","531",6
"532","532",8
"533","533",16
"534","534",15
"535","535",20
"536","536",3
"537","537",15
"538","538",4
"539","539",9
"540","540",16
"541","541",15
"542","542",5
"543","543",14
"544","544",3
"545","545",6
"546","546",20
"547","547",21
"548","548",17
"549","549",7
"550","550",2
"551","551",19
"552","552",12
"553","553",11
"554","554",17
"555","555",5
"556","556",16
"557","557",6
"558","558",13
"559","559",16
"560","560",19
"561","561",21
"562","562",21
"563","563",20
"564","564",19
"565","565",19
"566","566",17
"567","567",3
"568","568",4
"569","569",23
"570","570",13
"571","571",15
"572","572",15
"573","573",11
"574","574",18
"575","575",5
"576","576",16
"577","577",19
"578","578",7
"579","579",10
"580","580",15
"581","581",18
"582","582",18
"583","583",22
"584","584",21
"585","585",11
"586","586",6
"587","587",8
"588","588",8
"589","589",12
"590","590",6
"591","591",9
"592","592",7
"593","593",21
"594","594",23
"595","595",11
"596","596",10
"597","597",5
"598","598",6
"599","599",15
"600","600",18
"601","601",6
"602","602",12
"603","603",12
"604","604",13
"605","605",17
"606","606",12
"607","607",9
"608","608",15
"609","609",23
"610","610",10
"611","611",23
"612","612",12
"613","613",13
"614","614",22
"615","615",23
"616","616",20
"617","617",7
"618","618",12
"619","619",11
"620","620",19
"621","621",9
"622","622",10
"623","623",14
"624","624",15
"625","625",11
"626","626",15
"627","627",19
"628","628",5
"629","629",11
"630","630",4
"631","631",5
"632","632",16
"633","633",10
"634","634",15
"635","635",13
"636","636",19
"637","637",5
"638","638",9
"639","639",13
"640","640",9
"641","641",11
"642","642",20
"643","643",6
"644","644",7
"645","645",18
"646","646",4
"647","647",8
"648","648",11
"649","649",11
"650","650",16
"651","651",15
"652","652",16
"653","653",22
"654","654",5
"655","655",4
"656","656",18
"657","657",9
"658","658",8
"659","659",11
"660","660",9
"661","661",3
"662","662",15
"663","663",9
"664","664",19
"665","665",14
"666","666",14
"667","667",3
"668","668",15
"669","669",18
"670","670",2
"671","671",12
"672","672",17
"673","673",20
"674","674",5
"675","675",15
"676","676",16
"677","677",17
"678","678",22
"679","679",8
"680","680",5
"681","681",21
"682","682",11
"683","683",7
"684","684",12
"685","685",9
"686","686",13
"687","687",12
"688","688",16
"689","689",10
"690","690",11
"691","691",5
"692","692",5
"693","693",19
"694","694",17
"695","695",14
"696","696",20
"697","697",10
"698","698",21
"699","699",17
"700","700",9
"701","701",10
"702","702",5
"703","703",14
"704","704",15
"705","705",11
"706","706",12
"707","707",20
"708","708",22
"709","709",20
"710","710",21
"711","711",15
"712","712",7
"713","713",10
"714","714",22
"715","715",5
"716","716",20
"717","717",12
"718","718",6
"719","719",14
"720","720",15
"721","721",13
"722","722",15
"723","723",11
"724","724",8
"725","725",23
"726","726",16
"727","727",15
"728","728",10
"729","729",2
"730","730",20
"731","731",11
"732","732",11
"733","733",9
"734","734",17
"735","735",10
"736","736",8
"737","737",12
"738","738",11
"739","739",18
"740","740",8
"741","741",24
"742","742",12
"743","743",14
"744","744",19
"745","745",19
"746","746",21
"747","747",20
"748","748",8
"749","749",11
"750","750",20
"751","751",19
"752","752",3
"753","753",16
"754","754",15
"755","755",9
"756","756",4
"757","757",13
"758","758",21
"759","759",15
"760","760",6
"761","761",11
"762","762",4
"763","763",12
"764","764",12
"765","765",16
"766","766",17
"767","767",8
"768","768",13
"769","769",12
"770","770",22
"771","771",6
"772","772",19
"773","773",8
"774","774",11
"775","775",6
"776","776",20
"777","777",14
"778","778",23
"779","779",6
"780","780",15
"781","781",14
"782","782",15
"783","783",7
"784","784",16
"785","785",19
"786","786",15
"787","787",8
"788","788",9
"789","789",5
"790","790",11
"791","791",13
"792","792",10
"793","793",22
"794","794",15
"795","795",19
"796","796",19
"797","797",13
"798","798",20
"799","799",5
"800","800",6
"801","801",7
"802","802",22
"803","803",16
"804","804",10
"805","805",6
"806","806",6
"807","807",7
"808","808",14
"809","809",5
"810","810",9
"811","811",5
"812","812",9
"813","813",22
"814","814",16
"815","815",5
"816","816",19
"817","817",18
"818","818",10
"819","819",21
"820","820",8
"821","821",20
"822","822",21
"823","823",8
"824","824",20
"825","825",15
"826","826",19
"827","827",15
"828","828",19
"829","829",13
"830","830",17
"831","831",9
"832","832",18
"833","833",11
"834","834",16
"835","835",10
"836","836",5
"837","837",6
"838","838",7
"839","839",5
"840","840",7
"841","841",7
"842","842",12
"843","843",17
"844","844",8
"845","845",5
"846","846",12
"847","847",8
"848","848",15
"849","849",20
"850","850",10
"851","851",5
"852","852",16
"853","853",17
"854","854",5
"855","855",6
"856","856",15
"857","857",17
"858","858",10
"859","859",15
"860","860",21
"861","861",10
"862","862",13
"863","863",17
"864","864",18
"865","865",12
"866","866",21
"867","867",4
"868","868",12
"869","869",9
"870","870",9
"871","871",14
"872","872",6
"873","873",5
"874","874",17
"875","875",14
"876","876",21
"877","877",16
"878","878",8
"879","879",12
"880","880",12
"881","881",6
"882","882",17
"883","883",6
"884","884",16
"885","885",3
"886","886",16
"887","887",16
"888","888",4
"889","889",10
"890","890",10
"891","891",19
"892","892",6
"893","893",14
"894","894",9
"895","895",14
"896","896",6
"897","897",7
"898","898",23
"899","899",19
"900","900",19
"901","901",10
"902","902",17
"903","903",7
"904","904",16
"905","905",9
"906","906",18
"907","907",9
"908","908",17
"909","909",21
"910","910",13
"911","911",10
"912","912",19
"913","913",6
"914","914",5
"915","915",14
"916","916",16
"917","917",16
"918","918",16
"919","919",10
"920","920",9
"921","921",16
"922","922",16
"923","923",21
"924","924",7
"925","925",8
"926","926",11
"927","927",19
"928","928",7
"929","929",19
"930","930",7
"931","931",6
"932","932",22
"933","933",21
"934","934",7
"935","935",14
"936","936",8
"937","937",15
"938","938",11
"939","939",8
"940","940",8
"941","941",12
"942","942",21
"943","943",16
"944","944",9
"945","945",10
"946","946",15
"947","947",12
"948","948",8
"949","949",4
"950","950",3
"951","951",17
"952","952",16
"953","953",18
"954","954",6
"955","955",17
"956","956",4
"957","957",10
"958","958",16
"959","959",9
"960","960",10
"961","961",18
"962","962",18
"963","963",18
"964","964",12
"965","965",12
"966","966",12
"967","967",4
"968","968",22
"969","969",23
"970","970",21
"971","971",18
"972","972",12
"973","973",17
"974","974",5
"975","975",23
"976","976",20
"977","977",14
"978","978",18
"979","979",10
"980","980",7
"981","981",14
"982","982",11
"983","983",2
"984","984",4
"985","985",6
"986","986",9
"987","987",12
"988","988",14
"989","989",19
"990","990",19
"991","991",20
"992","992",20
"993","993",9
"994","994",18
"995","995",12
"996","996",21
"997","997",3
"998","998",21
"999","999",4
"1000","1000",7
"1001","1001",23
"1002","1002",10
"1003","1003",21
"1004","1004",14
"1005","1005",9
"1006","1006",15
"1007","1007",17
"1008","1008",17
"1009","1009",10
"1010","1010",10
"1011","1011",17
"1012","1012",15
"1013","1013",5
"1014","1014",14
"1015","1015",13
"1016","1016",6
"1017","1017",17
"1018","1018",12
"1019","1019",7
"1020","1020",4
"1021","1021",9
"1022","1022",19
"1023","1023",21
"1024","1024",20
"1025","1025",4
"1026","1026",20
"1027","1027",10
"1028","1028",6
"1029","1029",19
"1030","1030",18
"1031","1031",12
"1032","1032",5
"1033","1033",19
"1034","1034",6
"1035","1035",10
"1036","1036",23
"1037","1037",14
"1038","1038",5
"1039","1039",8
"1040","1040",19
"1041","1041",4
"1042","1042",16
"1043","1043",17
"1044","1044",6
"1045","1045",21
"1046","1046",14
"1047","1047",12
"1048","1048",20
"1049","1049",14
"1050","1050",19
"1051","1051",11
"1052","1052",10
"1053","1053",9
"1054","1054",14
"1055","1055",14
"1056","1056",6
"1057","1057",17
"1058","1058",14
"1059","1059",19
"1060","1060",7
"1061","1061",12
"1062","1062",19
"1063","1063",12
"1064","1064",23
"1065","1065",11
"1066","1066",16
"1067","1067",18
"1068","1068",8
"1069","1069",12
"1070","1070",11
"1071","1071",20
"1072","1072",14
"1073","1073",7
"1074","1074",12
"1075","1075",15
"1076","1076",19
"1077","1077",11
"1078","1078",9
"1079","1079",13
"1080","1080",22
"1081","1081",21
"1082","1082",6
"1083","1083",17
"1084","1084",13
"1085","1085",18
"1086","1086",15
"1087","1087",16
"1088","1088",6
"1089","1089",7
"1090","1090",22
"1091","1091",5
"1092","1092",11
"1093","1093",18
"1094","1094",6
"1095","1095",8
"1096","1096",14
"1097","1097",18
"1098","1098",21
"1099","1099",20
"1100","1100",17
"1101","1101",18
"1102","1102",10
"1103","1103",13
"1104","1104",21
"1105","1105",11
"1106","1106",20
"1107","1107",12
"1108","1108",19
"1109","1109",19
"1110","1110",21
"1111","1111",5
"1112","1112",4
"1113","1113",17
"1114","1114",18
"1115","1115",19
"1116","1116",3
"1117","1117",3
"1118","1118",14
"1119","1119",14
"1120","1120",14
"1121","1121",6
"1122","1122",8
"1123","1123",7
"1124","1124",17
"1125","1125",2
"1126","1126",7
"1127","1127",15
"1128","1128",12
"1129","1129",7
"1130","1130",9
"1131","1131",5
"1132","1132",12
"1133","1133",22
"1134","1134",6
"1135","1135",19
"1136","1136",6
"1137","1137",7
"1138","1138",17
"1139","1139",4
"1140","1140",19
"1141","1141",8
"1142","1142",5
"1143","1143",19
"1144","1144",14
"1145","1145",7
"1146","1146",20
"1147","1147",20
"1148","1148",11
"1149","1149",3
"1150","1150",8
"1151","1151",12
"1152","1152",8
"1153","1153",9
"1154","1154",22
"1155","1155",23
"1156","1156",16
"1157","1157",17
"1158","1158",17
"1159","1159",14
"1160","1160",19
"1161","1161",7
"1162","1162",5
"1163","1163",15
"1164","1164",7
"1165","1165",13
"1166","1166",21
"1167","1167",8
"1168","1168",8
"1169","1169",5
"1170","1170",21
"1171","1171",12
"1172","1172",16
"1173","1173",19
"1174","1174",14
"1175","1175",8
"1176","1176",6
"1177","1177",5
"1178","1178",17
"1179","1179",10
"1180","1180",5
"1181","1181",21
"1182","1182",6
"1183","1183",13
"1184","1184",18
"1185","1185",2
"1186","1186",5
"1187","1187",18
"1188","1188",14
"1189","1189",19
"1190","1190",20
"1191","1191",9
"1192","1192",14
"1193","1193",14
"1194","1194",8
"1195","1195",15
"1196","1196",15
"1197","1197",20
"1198","1198",13
"1199","1199",16
"1200","1200",14
"1201","1201",11
"1202","1202",7
"1203","1203",7
"1204","1204",7
"1205","1205",14
"1206","1206",14
"1207","1207",10
"1208","1208",9
"1209","1209",13
"1210","1210",20
"1211","1211",13
"1212","1212",20
"1213","1213",17
"1214","1214",13
"1215","1215",3
"1216","1216",12
"1217","1217",13
"1218","1218",15
"1219","1219",16
"1220","1220",8
"1221","1221",6
"1222","1222",7
"1223","1223",13
"1224","1224",14
"1225","1225",22
"1226","1226",21
"1227","1227",15
"1228","1228",18
"1229","1229",15
"1230","1230",14
"1231","1231",12
"1232","1232",9
"1233","1233",6
"1234","1234",20
"1235","1235",11
"1236","1236",20
"1237","1237",17
"1238","1238",21
"1239","1239",18
"1240","1240",7
"1241","1241",8
"1242","1242",19
"1243","1243",8
"1244","1244",8
"1245","1245",6
"1246","1246",17
"1247","1247",5
"1248","1248",15
"1249","1249",6
"1250","1250",7
"1251","1251",19
"1252","1252",11
"1253","1253",10
"1254","1254",20
"1255","1255",6
"1256","1256",10
"1257","1257",20
"1258","1258",20
"1259","1259",15
"1260","1260",18
"1261","1261",5
"1262","1262",19
"1263","1263",17
"1264","1264",13
"1265","1265",11
"1266","1266",12
"1267","1267",8
"1268","1268",4
"1269","1269",17
"1270","1270",16
"1271","1271",9
"1272","1272",15
"1273","1273",20
"1274","1274",15
"1275","1275",15
"1276","1276",14
"1277","1277",6
"1278","1278",7
"1279","1279",22
"1280","1280",9
"1281","1281",8
"1282","1282",6
"1283","1283",19
"1284","1284",13
"1285","1285",19
"1286","1286",8
"1287","1287",19
"1288","1288",7
"1289","1289",13
"1290","1290",13
"1291","1291",4
"1292","1292",11
"1293","1293",15
"1294","1294",17
"1295","1295",11
"1296","1296",21
"1297","1297",7
"1298","1298",8
"1299","1299",20
"1300","1300",11
"1301","1301",6
"1302","1302",7
"1303","1303",19
"1304","1304",13
"1305","1305",13
"1306","1306",13
"1307","1307",8
"1308","1308",8
"1309","1309",14
"1310","1310",7
"1311","1311",18
"1312","1312",6
"1313","1313",2
"1314","1314",15
"1315","1315",3
"1316","1316",12
"1317","1317",18
"1318","1318",15
"1319","1319",16
"1320","1320",8
"1321","1321",8
"1322","1322",7
"1323","1323",10
"1324","1324",11
"1325","1325",19
"1326","1326",11
"1327","1327",12
"1328","1328",17
"1329","1329",11
"1330","1330",11
"1331","1331",11
"1332","1332",14
"1333","1333",18
"1334","1334",6
"1335","1335",17
"1336","1336",9
"1337","1337",16
"1338","1338",13
"1339","1339",15
"1340","1340",10
"1341","1341",13
"1342","1342",9
"1343","1343",17
"1344","1344",10
"1345","1345",4
"1346","1346",20
"1347","1347",11
"1348","1348",13
"1349","1349",9
"1350","1350",4
"1351","1351",13
"1352","1352",18
"1353","1353",7
"1354","1354",19
"1355","1355",3
"1356","1356",14
"1357","1357",8
"1358","1358",21
"1359","1359",21
"1360","1360",7
"1361","1361",14
"1362","1362",7
"1363","1363",21
"1364","1364",17
"1365","1365",17
"1366","1366",19
"1367","1367",14
"1368","1368",13
"1369","1369",3
"1370","1370",3
"1371","1371",21
"1372","1372",17
"1373","1373",6
"1374","1374",11
"1375","1375",18
"1376","1376",3
"1377","1377",6
"1378","1378",16
"1379","1379",18
"1380","1380",17
"1381","1381",14
"1382","1382",17
"1383","1383",15
"1384","1384",19
"1385","1385",17
"1386","1386",14
"1387","1387",16
"1388","1388",5
"1389","1389",18
"1390","1390",18
"1391","1391",14
"1392","1392",10
"1393","1393",12
"1394","1394",9
"1395","1395",4
"1396","1396",19
"1397","1397",11
"1398","1398",4
"1399","1399",13
"1400","1400",14
"1401","1401",22
"1402","1402",17
"1403","1403",21
"1404","1404",13
"1405","1405",10
"1406","1406",11
"1407","1407",21
"1408","1408",11
"1409","1409",20
"1410","1410",21
"1411","1411",23
"1412","1412",10
"1413","1413",18
"1414","1414",3
"1415","1415",17
"1416","1416",12
"1417","1417",14
"1418","1418",7
"1419","1419",9
"1420","1420",18
"1421","1421",23
"1422","1422",20
"1423","1423",12
"1424","1424",12
"1425","1425",22
"1426","1426",12
"1427","1427",19
"1428","1428",17
"1429","1429",17
"1430","1430",9
"1431","1431",20
"1432","1432",18
"1433","1433",4
"1434","1434",7
"1435","1435",9
"1436","1436",16
"1437","1437",6
"1438","1438",9
"1439","1439",7
"1440","1440",11
"1441","1441",7
"1442","1442",10
"1443","1443",10
"1444","1444",15
"1445","1445",18
"1446","1446",17
"1447","1447",18
"1448","1448",17
"1449","1449",9
"1450","1450",13
"1451","1451",4
"1452","1452",9
"1453","1453",11
"1454","1454",9
"1455","1455",6
"1456","1456",8
"1457","1457",14
"1458","1458",13
"1459","1459",21
"1460","1460",14
"1461","1461",15
"1462","1462",21
"1463","1463",18
"1464","1464",17
"1465","1465",10
"1466","1466",7
"1467","1467",13
"1468","1468",6
"1469","1469",3
"1470","1470",21
"1471","1471",16
"1472","1472",18
"1473","1473",8
"1474","1474",18
"1475","1475",20
"1476","1476",16
"1477","1477",21
"1478","1478",12
"1479","1479",21
"1480","1480",16
"1481","1481",19
"1482","1482",16
"1483","1483",8
"1484","1484",7
"1485","1485",19
"1486","1486",6
"1487","1487",13
"1488","1488",12
"1489","1489",18
"1490","1490",7
"1491","1491",8
"1492","1492",9
"1493","1493",12
"1494","1494",19
"1495","1495",9
"1496","1496",17
"1497","1497",12
"1498","1498",16
"1499","1499",18
"1500","1500",7
"1501","1501",16
"1502","1502",5
"1503","1503",7
"1504","1504",20
"1505","1505",14
"1506","1506",2
"1507","1507",6
"1508","1508",11
"1509","1509",17
"1510","1510",17
"1511","1511",17
"1512","1512",19
"1513","1513",19
"1514","1514",11
"1515","1515",6
"1516","1516",16
"1517","1517",17
"1518","1518",18
"1519","1519",20
"1520","1520",22
"1521","1521",12
"1522","1522",4
"1523","1523",20
"1524","1524",7
"1525","1525",8
"1526","1526",15
"1527","1527",10
"1528","1528",6
"1529","1529",7
"1530","1530",8
"1531","1531",4
"1532","1532",19
"1533","1533",5
"1534","1534",15
"1535","1535",20
"1536","1536",19
"1537","1537",14
"1538","1538",17
"1539","1539",14
"1540","1540",14
"1541","1541",17
"1542","1542",3
"1543","1543",19
"1544","1544",16
"1545","1545",23
"1546","1546",9
"1547","1547",5
"1548","1548",12
"1549","1549",3
"1550","1550",13
"1551","1551",13
"1552","1552",24
"1553","1553",9
"1554","1554",4
"1555","1555",20
"1556","1556",18
"1557","1557",20
"1558","1558",8
"1559","1559",4
"1560","1560",11
"1561","1561",20
"1562","1562",12
"1563","1563",18
"1564","1564",6
"1565","1565",16
"1566","1566",12
"1567","1567",12
"1568","1568",14
"1569","1569",7
"1570","1570",7
"1571","1571",8
"1572","1572",16
"1573","1573",10
"1574","1574",12
"1575","1575",11
"1576","1576",7
"1577","1577",9
"1578","1578",6
"1579","1579",17
"1580","1580",4
"1581","1581",18
"1582","1582",19
"1583","1583",8
"1584","1584",8
"1585","1585",8
"1586","1586",23
"1587","1587",14
"1588","1588",19
"1589","1589",10
"1590","1590",22
"1591","1591",13
"1592","1592",19
"1593","1593",14
"1594","1594",19
"1595","1595",21
"1596","1596",18
"1597","1597",21
"1598","1598",12
"1599","1599",10
"1600","1600",12
"1601","1601",17
"1602","1602",6
"1603","1603",21
"1604","1604",16
"1605","1605",11
"1606","1606",4
"1607","1607",5
"1608","1608",8
"1609","1609",19
"1610","1610",12
"1611","1611",15
"1612","1612",21
"1613","1613",16
"1614","1614",17
"1615","1615",20
"1616","1616",17
"1617","1617",8
"1618","1618",16
"1619","1619",17
"1620","1620",15
"1621","1621",7
"1622","1622",5
"1623","1623",10
"1624","1624",12
"1625","1625",16
"1626","1626",12
"1627","1627",4
"1628","1628",7
"1629","1629",13
"1630","1630",12
"1631","1631",20
"1632","1632",16
"1633","1633",15
"1634","1634",4
"1635","1635",10
"1636","1636",10
"1637","1637",10
"1638","1638",15
"1639","1639",23
"1640","1640",22
"1641","1641",18
"1642","1642",11
"1643","1643",17
"1644","1644",7
"1645","1645",8
"1646","1646",4
"1647","1647",6
"1648","1648",8
"1649","1649",12
"1650","1650",9
"1651","1651",12
"1652","1652",6
"1653","1653",7
"1654","1654",3
"1655","1655",18
"1656","1656",14
"1657","1657",16
"1658","1658",7
"1659","1659",19
"1660","1660",19
"1661","1661",16
"1662","1662",9
"1663","1663",5
"1664","1664",14
"1665","1665",21
"1666","1666",6
"1667","1667",17
"1668","1668",11
"1669","1669",20
"1670","1670",4
"1671","1671",10
"1672","1672",17
"1673","1673",14
"1674","1674",7
"1675","1675",22
"1676","1676",5
"1677","1677",7
"1678","1678",16
"1679","1679",22
"1680","1680",19
"1681","1681",5
"1682","1682",14
"1683","1683",17
"1684","1684",21
"1685","1685",18
"1686","1686",5
"1687","1687",14
"1688","1688",21
"1689","1689",7
"1690","1690",7
"1691","1691",6
"1692","1692",17
"1693","1693",18
"1694","1694",14
"1695","1695",22
"1696","1696",3
"1697","1697",10
"1698","1698",18
"1699","1699",6
"1700","1700",10
"1701","1701",10
"1702","1702",11
"1703","1703",16
"1704","1704",15
"1705","1705",15
"1706","1706",4
"1707","1707",19
"1708","1708",8
"1709","1709",18
"1710","1710",11
"1711","1711",11
"1712","1712",18
"1713","1713",4
"1714","1714",20
"1715","1715",9
"1716","1716",21
"1717","1717",9
"1718","1718",18
"1719","1719",18
"1720","1720",22
"1721","1721",15
"1722","1722",9
"1723","1723",17
"1724","1724",9
"1725","1725",20
"1726","1726",8
"1727","1727",12
"1728","1728",6
"1729","1729",8
"1730","1730",6
"1731","1731",6
"1732","1732",10
"1733","1733",10
"1734","1734",14
"1735","1735",10
"1736","1736",16
"1737","1737",10
"1738","1738",7
"1739","1739",7
"1740","1740",7
"1741","1741",18
"1742","1742",19
"1743","1743",11
"1744","1744",4
"1745","1745",18
"1746","1746",11
"1747","1747",16
"1748","1748",6
"1749","1749",19
"1750","1750",11
"1751","1751",10
"1752","1752",22
"1753","1753",8
"1754","1754",13
"1755","1755",20
"1756","1756",11
"1757","1757",19
"1758","1758",4
"1759","1759",24
"1760","1760",5
"1761","1761",17
"1762","1762",17
"1763","1763",5
"1764","1764",11
"1765","1765",10
"1766","1766",3
"1767","1767",6
"1768","1768",3
"1769","1769",19
"1770","1770",13
"1771","1771",4
"1772","1772",4
"1773","1773",17
"1774","1774",22
"1775","1775",5
"1776","1776",9
"1777","1777",18
"1778","1778",4
"1779","1779",14
"1780","1780",17
"1781","1781",19
"1782","1782",9
"1783","1783",18
"1784","1784",22
"1785","1785",13
"1786","1786",15
"1787","1787",18
"1788","1788",19
"1789","1789",7
"1790","1790",18
"1791","1791",3
"1792","1792",14
"1793","1793",11
"1794","1794",19
"1795","1795",13
"1796","1796",19
"1797","1797",18
"1798","1798",4
"1799","1799",16
"1800","1800",13
"1801","1801",8
"1802","1802",3
"1803","1803",20
"1804","1804",19
"1805","1805",15
"1806","1806",7
"1807","1807",17
"1808","1808",9
"1809","1809",6
"1810","1810",15
"1811","1811",16
"1812","1812",18
"1813","1813",5
"1814","1814",10
"1815","1815",4
"1816","1816",16
"1817","1817",15
"1818","1818",18
"1819","1819",19
"1820","1820",19
"1821","1821",5
"1822","1822",13
"1823","1823",4
"1824","1824",20
"1825","1825",5
"1826","1826",10
"1827","1827",18
"1828","1828",19
"1829","1829",10
"1830","1830",15
"1831","1831",19
"1832","1832",21
"1833","1833",20
"1834","1834",11
"1835","1835",19
"1836","1836",16
"1837","1837",11
"1838","1838",21
"1839","1839",8
"1840","1840",14
"1841","1841",7
"1842","1842",6
"1843","1843",23
"1844","1844",2
"1845","1845",6
"1846","1846",16
"1847","1847",13
"1848","1848",17
"1849","1849",11
"1850","1850",22
"1851","1851",14
"1852","1852",13
"1853","1853",14
"1854","1854",12
"1855","1855",7
"1856","1856",12
"1857","1857",19
"1858","1858",3
"1859","1859",23
"1860","1860",7
"1861","1861",7
"1862","1862",8
"1863","1863",18
"1864","1864",18
"1865","1865",10
"1866","1866",23
"1867","1867",12
"1868","1868",8
"1869","1869",16
"1870","1870",6
"1871","1871",17
"1872","1872",18
"1873","1873",10
"1874","1874",9
"1875","1875",7
"1876","1876",20
"1877","1877",17
"1878","1878",4
"1879","1879",10
"1880","1880",16
"1881","1881",5
"1882","1882",8
"1883","1883",21
"1884","1884",17
"1885","1885",21
"1886","1886",6
"1887","1887",15
"1888","1888",18
"1889","1889",3
"1890","1890",20
"1891","1891",16
"1892","1892",11
"1893","1893",12
"1894","1894",12
"1895","1895",8
"1896","1896",18
"1897","1897",19
"1898","1898",14
"1899","1899",17
"1900","1900",20
"1901","1901",13
"1902","1902",16
"1903","1903",15
"1904","1904",13
"1905","1905",11
"1906","1906",9
"1907","1907",9
"1908","1908",22
"1909","1909",9
"1910","1910",3
"1911","1911",18
"1912","1912",5
"1913","1913",6
"1914","1914",20
"1915","1915",7
"1916","1916",8
"1917","1917",22
"1918","1918",15
"1919","1919",18
"1920","1920",10
"1921","1921",7
"1922","1922",13
"1923","1923",17
"1924","1924",3
"1925","1925",18
"1926","1926",22
"1927","1927",15
"1928","1928",7
"1929","1929",20
"1930","1930",5
"1931","1931",5
"1932","1932",9
"1933","1933",17
"1934","1934",7
"1935","1935",18
"1936","1936",5
"1937","1937",12
"1938","1938",3
"1939","1939",12
"1940","1940",21
"1941","1941",11
"1942","1942",9
"1943","1943",5
"1944","1944",20
"1945","1945",7
"1946","1946",16
"1947","1947",17
"1948","1948",14
"1949","1949",19
"1950","1950",5
"1951","1951",4
"1952","1952",9
"1953","1953",16
"1954","1954",16
"1955","1955",19
"1956","1956",5
"1957","1957",8
"1958","1958",6
"1959","1959",15
"1960","1960",7
"1961","1961",16
"1962","1962",9
"1963","1963",15
"1964","1964",20
"1965","1965",10
"1966","1966",17
"1967","1967",15
"1968","1968",12
"1969","1969",15
"1970","1970",16
"1971","1971",6
"1972","1972",6
"1973","1973",19
"1974","1974",20
"1975","1975",7
"1976","1976",3
"1977","1977",7
"1978","1978",9
"1979","1979",3
"1980","1980",19
"1981","1981",23
"1982","1982",12
"1983","1983",9
"1984","1984",20
"1985","1985",12
"1986","1986",16
"1987","1987",7
"1988","1988",13
"1989","1989",15
"1990","1990",16
"1991","1991",6
"1992","1992",16
"1993","1993",7
"1994","1994",7
"1995","1995",6
"1996","1996",4
"1997","1997",10
"1998","1998",16
"1999","1999",8
"2000","2000",9
"2001","2001",7
"2002","2002",20
"2003","2003",6
"2004","2004",13
"2005","2005",8
"2006","2006",8
"2007","2007",11
"2008","2008",5
"2009","2009",15
"2010","2010",16
"2011","2011",4
"2012","2012",9
"2013","2013",12
"2014","2014",15
"2015","2015",13
"2016","2016",6
"2017","2017",15
"2018","2018",10
"2019","2019",20
"2020","2020",10
"2021","2021",7
"2022","2022",17
"2023","2023",23
"2024","2024",18
"2025","2025",7
"2026","2026",20
"2027","2027",6
"2028","2028",18
"2029","2029",6
"2030","2030",10
"2031","2031",8
"2032","2032",12
"2033","2033",22
"2034","2034",10
"2035","2035",7
"2036","2036",9
"2037","2037",18
"2038","2038",10
"2039","2039",18
"2040","2040",5
"2041","2041",21
"2042","2042",3
"2043","2043",15
"2044","2044",8
"2045","2045",3
"2046","2046",18
"2047","2047",12
"2048","2048",6
"2049","2049",6
"2050","2050",11
"2051","2051",7
"2052","2052",18
"2053","2053",22
"2054","2054",21
"2055","2055",18
"2056","2056",17
"2057","2057",13
"2058","2058",14
"2059","2059",5
"2060","2060",12
"2061","2061",13
"2062","2062",9
"2063","2063",10
"2064","2064",8
"2065","2065",16
"2066","2066",12
"2067","2067",15
"2068","2068",22
"2069","2069",9
"2070","2070",6
"2071","2071",24
"2072","2072",16
"2073","2073",16
"2074","2074",20
"2075","2075",19
"2076","2076",4
"2077","2077",9
"2078","2078",17
"2079","2079",5
"2080","2080",16
"2081","2081",10
"2082","2082",9
"2083","2083",5
"2084","2084",21
"2085","2085",22
"2086","2086",19
"2087","2087",16
"2088","2088",5
"2089","2089",5
"2090","2090",9
"2091","2091",4
"2092","2092",9
"2093","2093",10
"2094","2094",10
"2095","2095",20
"2096","2096",9
"2097","2097",17
"2098","2098",17
"2099","2099",10
"2100","2100",17
"2101","2101",7
"2102","2102",15
"2103","2103",14
"2104","2104",7
"2105","2105",11
"2106","2106",11
"2107","2107",17
"2108","2108",5
"2109","2109",11
"2110","2110",7
"2111","2111",13
"2112","2112",17
"2113","2113",12
"2114","2114",21
"2115","2115",8
"2116","2116",12
"2117","2117",17
"2118","2118",7
"2119","2119",9
"2120","2120",19
"2121","2121",2
"2122","2122",8
"2123","2123",14
"2124","2124",21
"2125","2125",15
"2126","2126",4
"2127","2127",16
"2128","2128",10
"2129","2129",17
"2130","2130",12
"2131","2131",16
"2132","2132",6
"2133","2133",21
"2134","2134",6
"2135","2135",21
"2136","2136",17
"2137","2137",4
"2138","2138",4
"2139","2139",20
"2140","2140",7
"2141","2141",21
"2142","2142",17
"2143","2143",13
"2144","2144",13
"2145","2145",15
"2146","2146",23
"2147","2147",11
"2148","2148",15
"2149","2149",12
"2150","2150",13
"2151","2151",19
"2152","2152",13
"2153","2153",18
"2154","2154",6
"2155","2155",17
"2156","2156",7
"2157","2157",15
"2158","2158",11
"2159","2159",17
"2160","2160",5
"2161","2161",17
"2162","2162",4
"2163","2163",12
"2164","2164",4
"2165","2165",20
"2166","2166",12
"2167","2167",3
"2168","2168",18
"2169","2169",8
"2170","2170",17
"2171","2171",13
"2172","2172",9
"2173","2173",14
"2174","2174",2
"2175","2175",7
"2176","2176",13
"2177","2177",6
"2178","2178",24
"2179","2179",14
"2180","2180",13
"2181","2181",11
"2182","2182",19
"2183","2183",6
"2184","2184",22
"2185","2185",6
"2186","2186",19
"2187","2187",15
"2188","2188",6
"2189","2189",4
"2190","2190",11
"2191","2191",10
"2192","2192",15
"2193","2193",6
"2194","2194",6
"2195","2195",9
"2196","2196",8
"2197","2197",6
"2198","2198",16
"2199","2199",17
"2200","2200",5
"2201","2201",10
"2202","2202",13
"2203","2203",15
"2204","2204",2
"2205","2205",13
"2206","2206",15
"2207","2207",13
"2208","2208",15
"2209","2209",6
"2210","2210",19
"2211","2211",18
"2212","2212",20
"2213","2213",9
"2214","2214",22
"2215","2215",12
"2216","2216",5
"2217","2217",6
"2218","2218",21
"2219","2219",5
"2220","2220",10
"2221","2221",9
"2222","2222",13
"2223","2223",14
"2224","2224",3
"2225","2225",12
"2226","2226",13
"2227","2227",12
"2228","2228",5
"2229","2229",4
"2230","2230",4
"2231","2231",23
"2232","2232",8
"2233","2233",11
"2234","2234",19
"2235","2235",7
"2236","2236",20
"2237","2237",17
"2238","2238",2
"2239","2239",14
"2240","2240",6
"2241","2241",10
"2242","2242",13
"2243","2243",21
"2244","2244",19
"2245","2245",6
"2246","2246",6
"2247","2247",9
"2248","2248",17
"2249","2249",3
"2250","2250",12
"2251","2251",10
"2252","2252",15
"2253","2253",10
"2254","2254",4
"2255","2255",18
"2256","2256",21
"2257","2257",9
"2258","2258",20
"2259","2259",17
"2260","2260",18
"2261","2261",6
"2262","2262",18
"2263","2263",8
"2264","2264",13
"2265","2265",10
"2266","2266",17
"2267","2267",21
"2268","2268",24
"2269","2269",9
"2270","2270",20
"2271","2271",16
"2272","2272",22
"2273","2273",8
"2274","2274",7
"2275","2275",15
"2276","2276",13
"2277","2277",18
"2278","2278",6
"2279","2279",19
"2280","2280",18
"2281","2281",16
"2282","2282",13
"2283","2283",14
"2284","2284",19
"2285","2285",20
"2286","2286",5
"2287","2287",7
"2288","2288",19
"2289","2289",19
"2290","2290",14
"2291","2291",7
"2292","2292",14
"2293","2293",6
"2294","2294",8
"2295","2295",9
"2296","2296",8
"2297","2297",8
"2298","2298",21
"2299","2299",14
"2300","2300",9
"2301","2301",7
"2302","2302",13
"2303","2303",13
"2304","2304",8
"2305","2305",21
"2306","2306",15
"2307","2307",20
"2308","2308",3
"2309","2309",8
"2310","2310",9
"2311","2311",5
"2312","2312",21
"2313","2313",4
"2314","2314",12
"2315","2315",14
"2316","2316",13
"2317","2317",20
"2318","2318",6
"2319","2319",21
"2320","2320",6
"2321","2321",20
"2322","2322",22
"2323","2323",15
"2324","2324",8
"2325","2325",5
"2326","2326",5
"2327","2327",19
"2328","2328",21
"2329","2329",22
"2330","2330",23
"2331","2331",10
"2332","2332",5
"2333","2333",11
"2334","2334",15
"2335","2335",11
"2336","2336",12
"2337","2337",21
"2338","2338",11
"2339","2339",12
"2340","2340",22
"2341","2341",16
"2342","2342",8
"2343","2343",17
"2344","2344",23
"2345","2345",11
"2346","2346",13
"2347","2347",22
"2348","2348",21
"2349","2349",11
"2350","2350",7
"2351","2351",17
"2352","2352",14
"2353","2353",9
"2354","2354",18
"2355","2355",10
"2356","2356",7
"2357","2357",20
"2358","2358",1
"2359","2359",24
"2360","2360",5
"2361","2361",23
"2362","2362",17
"2363","2363",19
"2364","2364",13
"2365","2365",10
"2366","2366",20
"2367","2367",17
"2368","2368",23
"2369","2369",16
"2370","2370",19
"2371","2371",5
"2372","2372",14
"2373","2373",5
"2374","2374",6
"2375","2375",15
"2376","2376",19
"2377","2377",20
"2378","2378",20
"2379","2379",9
"2380","2380",2
"2381","2381",7
"2382","2382",6
"2383","2383",19
"2384","2384",4
"2385","2385",5
"2386","2386",6
"2387","2387",21
"2388","2388",20
"2389","2389",19
"2390","2390",14
"2391","2391",19
"2392","2392",13
"2393","2393",15
"2394","2394",10
"2395","2395",9
"2396","2396",10
"2397","2397",20
"2398","2398",16
"2399","2399",13
"2400","2400",6
"2401","2401",7
"2402","2402",21
"2403","2403",7
"2404","2404",7
"2405","2405",3
"2406","2406",14
"2407","2407",17
"2408","2408",8
"2409","2409",18
"2410","2410",6
"2411","2411",6
"2412","2412",7
"2413","2413",10
"2414","2414",20
"2415","2415",7
"2416","2416",15
"2417","2417",8
"2418","2418",20
"2419","2419",11
"2420","2420",20
"2421","2421",10
"2422","2422",17
"2423","2423",6
"2424","2424",15
"2425","2425",5
"2426","2426",15
"2427","2427",7
"2428","2428",13
"2429","2429",21
"2430","2430",14
"2431","2431",18
"2432","2432",19
"2433","2433",10
"2434","2434",12
"2435","2435",14
"2436","2436",20
"2437","2437",6
"2438","2438",21
"2439","2439",14
"2440","2440",14
"2441","2441",20
"2442","2442",2
"2443","2443",7
"2444","2444",18
"2445","2445",19
"2446","2446",22
"2447","2447",22
"2448","2448",8
"2449","2449",2
"2450","2450",5
"2451","2451",9
"2452","2452",7
"2453","2453",5
"2454","2454",10
"2455","2455",18
"2456","2456",4
"2457","2457",21
"2458","2458",10
"2459","2459",6
"2460","2460",4
"2461","2461",6
"2462","2462",20
"2463","2463",10
"2464","2464",5
"2465","2465",11
"2466","2466",11
"2467","2467",8
"2468","2468",4
"2469","2469",18
"2470","2470",20
"2471","2471",16
"2472","2472",23
"2473","2473",17
"2474","2474",12
"2475","2475",17
"2476","2476",16
"2477","2477",20
"2478","2478",8
"2479","2479",19
"2480","2480",9
"2481","2481",15
"2482","2482",17
"2483","2483",21
"2484","2484",16
"2485","2485",15
"2486","2486",5
"2487","2487",14
"2488","2488",16
"2489","2489",15
"2490","2490",14
"2491","2491",14
"2492","2492",17
"2493","2493",10
"2494","2494",8
"2495","2495",17
"2496","2496",14
"2497","2497",16
"2498","2498",10
"2499","2499",7
"2500","2500",11
"2501","2501",6
"2502","2502",20
"2503","2503",18
"2504","2504",9
"2505","2505",18
"2506","2506",18
"2507","2507",21
"2508","2508",9
"2509","2509",15
"2510","2510",11
"2511","2511",14
"2512","2512",5
"2513","2513",9
"2514","2514",5
"2515","2515",10
"2516","2516",14
"2517","2517",17
"2518","2518",23
"2519","2519",20
"2520","2520",6
"2521","2521",6
"2522","2522",12
"2523","2523",4
"2524","2524",20
"2525","2525",11
"2526","2526",3
"2527","2527",23
"2528","2528",8
"2529","2529",6
"2530","2530",4
"2531","2531",6
"2532","2532",20
"2533","2533",10
"2534","2534",15
"2535","2535",12
"2536","2536",15
"2537","2537",3
"2538","2538",16
"2539","2539",7
"2540","2540",21
"2541","2541",23
"2542","2542",12
"2543","2543",22
"2544","2544",20
"2545","2545",20
"2546","2546",9
"2547","2547",13
"2548","2548",18
"2549","2549",23
"2550","2550",8
"2551","2551",6
"2552","2552",7
"2553","2553",19
"2554","2554",6
"2555","2555",18
"2556","2556",7
"2557","2557",19
"2558","2558",7
"2559","2559",11
"2560","2560",18
"2561","2561",21
"2562","2562",8
"2563","2563",18
"2564","2564",6
"2565","2565",17
"2566","2566",18
"2567","2567",9
"2568","2568",13
"2569","2569",16
"2570","2570",19
"2571","2571",10
"2572","2572",5
"2573","2573",21
"2574","2574",6
"2575","2575",6
"2576","2576",11
"2577","2577",12
"2578","2578",5
"2579","2579",19
"2580","2580",4
"2581","2581",5
"2582","2582",10
"2583","2583",12
"2584","2584",17
"2585","2585",6
"2586","2586",11
"2587","2587",14
"2588","2588",14
"2589","2589",9
"2590","2590",11
"2591","2591",14
"2592","2592",17
"2593","2593",13
"2594","2594",20
"2595","2595",6
"2596","2596",9
"2597","2597",17
"2598","2598",9
"2599","2599",22
"2600","2600",17
"2601","2601",16
"2602","2602",10
"2603","2603",16
"2604","2604",15
"2605","2605",9
"2606","2606",18
"2607","2607",5
"2608","2608",13
"2609","2609",14
"2610","2610",20
"2611","2611",17
"2612","2612",19
"2613","2613",10
"2614","2614",12
"2615","2615",7
"2616","2616",6
"2617","2617",16
"2618","2618",20
"2619","2619",19
"2620","2620",7
"2621","2621",19
"2622","2622",19
"2623","2623",8
"2624","2624",13
"2625","2625",8
"2626","2626",19
"2627","2627",14
"2628","2628",14
"2629","2629",8
"2630","2630",8
"2631","2631",6
"2632","2632",12
"2633","2633",12
"2634","2634",16
"2635","2635",7
"2636","2636",6
"2637","2637",14
"2638","2638",12
"2639","2639",8
"2640","2640",6
"2641","2641",19
"2642","2642",9
"2643","2643",19
"2644","2644",7
"2645","2645",10
"2646","2646",17
"2647","2647",6
"2648","2648",3
"2649","2649",17
"2650","2650",23
"2651","2651",16
"2652","2652",20
"2653","2653",11
"2654","2654",15
"2655","2655",16
"2656","2656",13
"2657","2657",13
"2658","2658",13
"2659","2659",18
"2660","2660",7
"2661","2661",11
"2662","2662",12
"2663","2663",8
"2664","2664",5
"2665","2665",14
"2666","2666",9
"2667","2667",16
"2668","2668",16
"2669","2669",4
"2670","2670",19
"2671","2671",21
"2672","2672",11
"2673","2673",23
"2674","2674",15
"2675","2675",16
"2676","2676",14
"2677","2677",21
"2678","2678",5
"2679","2679",5
"2680","2680",10
"2681","2681",15
"2682","2682",18
"2683","2683",12
"2684","2684",21
"2685","2685",18
"2686","2686",18
"2687","2687",7
"2688","2688",12
"2689","2689",10
"2690","2690",15
"2691","2691",8
"2692","2692",22
"2693","2693",13
"2694","2694",17
"2695","2695",10
"2696","2696",17
"2697","2697",6
"2698","2698",20
"2699","2699",16
"2700","2700",5
"2701","2701",11
"2702","2702",11
"2703","2703",14
"2704","2704",21
"2705","2705",5
"2706","2706",18
"2707","2707",4
"2708","2708",8
"2709","2709",6
"2710","2710",15
"2711","2711",11
"2712","2712",12
"2713","2713",11
"2714","2714",11
"2715","2715",7
"2716","2716",11
"2717","2717",7
"2718","2718",5
"2719","2719",10
"2720","2720",13
"2721","2721",19
"2722","2722",14
"2723","2723",11
"2724","2724",10
"2725","2725",7
"2726","2726",18
"2727","2727",6
"2728","2728",10
"2729","2729",14
"2730","2730",19
"2731","2731",18
"2732","2732",11
"2733","2733",15
"2734","2734",8
"2735","2735",12
"2736","2736",15
"2737","2737",9
"2738","2738",4
"2739","2739",19
"2740","2740",4
"2741","2741",22
"2742","2742",15
"2743","2743",15
"2744","2744",21
"2745","2745",4
"2746","2746",9
"2747","2747",11
"2748","2748",19
"2749","2749",9
"2750","2750",11
"2751","2751",16
"2752","2752",9
"2753","2753",13
"2754","2754",7
"2755","2755",10
"2756","2756",14
"2757","2757",13
"2758","2758",6
"2759","2759",22
"2760","2760",20
"2761","2761",21
"2762","2762",16
"2763","2763",18
"2764","2764",17
"2765","2765",21
"2766","2766",9
"2767","2767",22
"2768","2768",12
"2769","2769",7
"2770","2770",7
"2771","2771",7
"2772","2772",14
"2773","2773",9
"2774","2774",2
"2775","2775",16
"2776","2776",5
"2777","2777",14
"2778","2778",13
"2779","2779",12
"2780","2780",19
"2781","2781",5
"2782","2782",9
"2783","2783",4
"2784","2784",20
"2785","2785",16
"2786","2786",6
"2787","2787",16
"2788","2788",14
"2789","2789",2
"2790","2790",11
"2791","2791",19
"2792","2792",19
"2793","2793",7
"2794","2794",17
"2795","2795",16
"2796","2796",18
"2797","2797",22
"2798","2798",20
"2799","2799",20
"2800","2800",4
"2801","2801",17
"2802","2802",5
"2803","2803",12
"2804","2804",18
"2805","2805",13
"2806","2806",13
"2807","2807",16
"2808","2808",21
"2809","2809",11
"2810","2810",10
"2811","2811",18
"2812","2812",14
"2813","2813",4
"2814","2814",20
"2815","2815",9
"2816","2816",6
"2817","2817",15
"2818","2818",4
"2819","2819",11
"2820","2820",13
"2821","2821",8
"2822","2822",20
"2823","2823",7
"2824","2824",15
"2825","2825",20
"2826","2826",6
"2827","2827",18
"2828","2828",19
"2829","2829",15
"2830","2830",14
"2831","2831",14
"2832","2832",11
"2833","2833",13
"2834","2834",14
"2835","2835",14
"2836","2836",7
"2837","2837",6
"2838","2838",9
"2839","2839",21
"2840","2840",9
"2841","2841",20
"2842","2842",21
"2843","2843",7
"2844","2844",19
"2845","2845",16
"2846","2846",14
"2847","2847",4
"2848","2848",6
"2849","2849",17
"2850","2850",10
"2851","2851",6
"2852","2852",21
"2853","2853",10
"2854","2854",20
"2855","2855",13
"2856","2856",7
"2857","2857",7
"2858","2858",7
"2859","2859",7
"2860","2860",9
"2861","2861",18
"2862","2862",11
"2863","2863",8
"2864","2864",19
"2865","2865",14
"2866","2866",20
"2867","2867",14
"2868","2868",9
"2869","2869",19
"2870","2870",7
"2871","2871",11
"2872","2872",6
"2873","2873",23
"2874","2874",4
"2875","2875",11
"2876","2876",18
"2877","2877",12
"2878","2878",12
"2879","2879",17
"2880","2880",10
"2881","2881",24
"2882","2882",15
"2883","2883",10
"2884","2884",4
"2885","2885",12
"2886","2886",4
"2887","2887",19
"2888","2888",11
"2889","2889",19
"2890","2890",18
"2891","2891",15
"2892","2892",13
"2893","2893",5
"2894","2894",14
"2895","2895",21
"2896","2896",10
"2897","2897",11
"2898","2898",13
"2899","2899",10
"2900","2900",11
"2901","2901",4
"2902","2902",10
"2903","2903",11
"2904","2904",10
"2905","2905",17
"2906","2906",17
"2907","2907",6
"2908","2908",13
"2909","2909",20
"2910","2910",9
"2911","2911",12
"2912","2912",8
"2913","2913",17
"2914","2914",16
"2915","2915",14
"2916","2916",5
"2917","2917",19
"2918","2918",11
"2919","2919",8
"2920","2920",19
"2921","2921",8
"2922","2922",15
"2923","2923",9
"2924","2924",13
"2925","2925",12
"2926","2926",11
"2927","2927",17
"2928","2928",6
"2929","2929",23
"2930","2930",5
"2931","2931",4
"2932","2932",15
"2933","2933",16
"2934","2934",18
"2935","2935",6
"2936","2936",20
"2937","2937",23
"2938","2938",8
"2939","2939",6
"2940","2940",5
"2941","2941",18
"2942","2942",12
"2943","2943",11
"2944","2944",17
"2945","2945",13
"2946","2946",11
"2947","2947",13
"2948","2948",21
"2949","2949",6
"2950","2950",7
"2951","2951",6
"2952","2952",13
"2953","2953",9
"2954","2954",5
"2955","2955",23
"2956","2956",11
"2957","2957",17
"2958","2958",3
"2959","2959",15
"2960","2960",3
"2961","2961",12
"2962","2962",20
"2963","2963",21
"2964","2964",22
"2965","2965",22
"2966","2966",20
"2967","2967",7
"2968","2968",20
"2969","2969",16
"2970","2970",13
"2971","2971",5
"2972","2972",15
"2973","2973",18
"2974","2974",12
"2975","2975",7
"2976","2976",15
"2977","2977",12
"2978","2978",21
"2979","2979",18
"2980","2980",8
"2981","2981",14
"2982","2982",11
"2983","2983",11
"2984","2984",12
"2985","2985",12
"2986","2986",8
"2987","2987",3
"2988","2988",18
"2989","2989",11
"2990","2990",23
"2991","2991",7
"2992","2992",15
"2993","2993",9
"2994","2994",16
"2995","2995",8
"2996","2996",8
"2997","2997",10
"2998","2998",18
"2999","2999",12
"3000","3000",19
"3001","3001",5
"3002","3002",10
"3003","3003",8
"3004","3004",14
"3005","3005",18
"3006","3006",9
"3007","3007",24
"3008","3008",11
"3009","3009",16
"3010","3010",14
"3011","3011",16
"3012","3012",10
"3013","3013",19
"3014","3014",15
"3015","3015",8
"3016","3016",22
"3017","3017",17
"3018","3018",5
"3019","3019",12
"3020","3020",5
"3021","3021",9
"3022","3022",15
"3023","3023",11
"3024","3024",12
"3025","3025",4
"3026","3026",14
"3027","3027",18
"3028","3028",10
"3029","3029",11
"3030","3030",9
"3031","3031",19
"3032","3032",13
"3033","3033",10
"3034","3034",18
"3035","3035",19
"3036","3036",10
"3037","3037",18
"3038","3038",9
"3039","3039",6
"3040","3040",14
"3041","3041",22
"3042","3042",19
"3043","3043",22
"3044","3044",9
"3045","3045",11
"3046","3046",9
"3047","3047",19
"3048","3048",10
"3049","3049",13
"3050","3050",9
"3051","3051",13
"3052","3052",1
"3053","3053",6
"3054","3054",4
"3055","3055",4
"3056","3056",15
"3057","3057",14
"3058","3058",10
"3059","3059",15
"3060","3060",5
"3061","3061",17
"3062","3062",6
"3063","3063",2
"3064","3064",23
"3065","3065",18
"3066","3066",8
"3067","3067",14
"3068","3068",15
"3069","3069",16
"3070","3070",14
"3071","3071",3
"3072","3072",6
"3073","3073",14
"3074","3074",15
"3075","3075",20
"3076","3076",14
"3077","3077",23
"3078","3078",5
"3079","3079",16
"3080","3080",19
"3081","3081",7
"3082","3082",9
"3083","3083",4
"3084","3084",22
"3085","3085",12
"3086","3086",13
"3087","3087",14
"3088","3088",12
"3089","3089",16
"3090","3090",7
"3091","3091",9
"3092","3092",7
"3093","3093",5
"3094","3094",13
"3095","3095",13
"3096","3096",16
"3097","3097",8
"3098","3098",17
"3099","3099",15
"3100","3100",17
"3101","3101",20
"3102","3102",7
"3103","3103",16
"3104","3104",21
"3105","3105",13
"3106","3106",9
"3107","3107",21
"3108","3108",19
"3109","3109",20
"3110","3110",9
"3111","3111",9
"3112","3112",18
"3113","3113",10
"3114","3114",13
"3115","3115",19
"3116","3116",7
"3117","3117",18
"3118","3118",8
"3119","3119",10
"3120","3120",11
"3121","3121",12
"3122","3122",12
"3123","3123",15
"3124","3124",21
"3125","3125",10
"3126","3126",16
"3127","3127",12
"3128","3128",20
"3129","3129",10
"3130","3130",10
"3131","3131",16
"3132","3132",10
"3133","3133",4
"3134","3134",18
"3135","3135",18
"3136","3136",12
"3137","3137",18
"3138","3138",20
"3139","3139",8
"3140","3140",14
"3141","3141",21
"3142","3142",20
"3143","3143",13
"3144","3144",20
"3145","3145",7
"3146","3146",17
"3147","3147",15
"3148","3148",16
"3149","3149",4
"3150","3150",13
"3151","3151",12
"3152","3152",9
"3153","3153",21
"3154","3154",16
"3155","3155",8
"3156","3156",2
"3157","3157",7
"3158","3158",9
"3159","3159",21
"3160","3160",12
"3161","3161",18
"3162","3162",12
"3163","3163",7
"3164","3164",5
"3165","3165",14
"3166","3166",15
"3167","3167",12
"3168","3168",9
"3169","3169",5
"3170","3170",10
"3171","3171",21
"3172","3172",12
"3173","3173",7
"3174","3174",11
"3175","3175",12
"3176","3176",8
"3177","3177",11
"3178","3178",19
"3179","3179",9
"3180","3180",7
"3181","3181",20
"3182","3182",10
"3183","3183",6
"3184","3184",12
"3185","3185",7
"3186","3186",5
"3187","3187",19
"3188","3188",18
"3189","3189",16
"3190","3190",8
"3191","3191",16
"3192","3192",22
"3193","3193",19
"3194","3194",10
"3195","3195",6
"3196","3196",5
"3197","3197",18
"3198","3198",20
"3199","3199",20
"3200","3200",13
"3201","3201",17
"3202","3202",15
"3203","3203",20
"3204","3204",13
"3205","3205",11
"3206","3206",13
"3207","3207",19
"3208","3208",21
"3209","3209",12
"3210","3210",17
"3211","3211",11
"3212","3212",21
"3213","3213",17
"3214","3214",21
"3215","3215",5
"3216","3216",6
"3217","3217",15
"3218","3218",11
"3219","3219",18
"3220","3220",21
"3221","3221",13
"3222","3222",16
"3223","3223",7
"3224","3224",11
"3225","3225",9
"3226","3226",17
"3227","3227",5
"3228","3228",7
"3229","3229",8
"3230","3230",15
"3231","3231",20
"3232","3232",19
"3233","3233",20
"3234","3234",20
"3235","3235",7
"3236","3236",6
"3237","3237",19
"3238","3238",8
"3239","3239",13
"3240","3240",18
"3241","3241",14
"3242","3242",4
"3243","3243",12
"3244","3244",15
"3245","3245",10
"3246","3246",6
"3247","3247",17
"3248","3248",6
"3249","3249",17
"3250","3250",9
"3251","3251",15
"3252","3252",18
"3253","3253",6
"3254","3254",21
"3255","3255",19
"3256","3256",20
"3257","3257",11
"3258","3258",20
"3259","3259",14
"3260","3260",8
"3261","3261",12
"3262","3262",8
"3263","3263",14
"3264","3264",10
"3265","3265",15
"3266","3266",17
"3267","3267",17
"3268","3268",5
"3269","3269",11
"3270","3270",14
"3271","3271",20
"3272","3272",15
"3273","3273",18
"3274","3274",6
"3275","3275",11
"3276","3276",10
"3277","3277",19
"3278","3278",17
"3279","3279",20
"3280","3280",9
"3281","3281",8
"3282","3282",5
"3283","3283",13
"3284","3284",12
"3285","3285",10
"3286","3286",8
"3287","3287",15
"3288","3288",11
"3289","3289",7
"3290","3290",21
"3291","3291",22
"3292","3292",6
"3293","3293",17
"3294","3294",18
"3295","3295",18
"3296","3296",17
"3297","3297",18
"3298","3298",17
"3299","3299",12
"3300","3300",14
"3301","3301",12
"3302","3302",14
"3303","3303",19
"3304","3304",15
"3305","3305",8
"3306","3306",20
"3307","3307",2
"3308","3308",9
"3309","3309",23
"3310","3310",13
"3311","3311",15
"3312","3312",21
"3313","3313",5
"3314","3314",2
"3315","3315",8
"3316","3316",11
"3317","3317",4
"3318","3318",11
"3319","3319",6
"3320","3320",13
"3321","3321",21
"3322","3322",17
"3323","3323",20
"3324","3324",5
"3325","3325",11
"3326","3326",20
"3327","3327",16
"3328","3328",14
"3329","3329",17
"3330","3330",13
"3331","3331",6
"3332","3332",10
"3333","3333",20
"3334","3334",8
"3335","3335",8
"3336","3336",9
"3337","3337",18
"3338","3338",11
"3339","3339",3
"3340","3340",7
"3341","3341",20
"3342","3342",19
"3343","3343",6
"3344","3344",17
"3345","3345",16
"3346","3346",8
"3347","3347",2
"3348","3348",6
"3349","3349",18
"3350","3350",15
"3351","3351",12
"3352","3352",15
"3353","3353",14
"3354","3354",4
"3355","3355",23
"3356","3356",13
"3357","3357",12
"3358","3358",8
"3359","3359",10
"3360","3360",7
"3361","3361",11
"3362","3362",16
"3363","3363",19
"3364","3364",18
"3365","3365",6
"3366","3366",8
"3367","3367",18
"3368","3368",4
"3369","3369",7
"3370","3370",7
"3371","3371",5
"3372","3372",12
"3373","3373",21
"3374","3374",9
"3375","3375",9
"3376","3376",6
"3377","3377",7
"3378","3378",16
"3379","3379",15
"3380","3380",6
"3381","3381",20
"3382","3382",23
"3383","3383",19
"3384","3384",11
"3385","3385",18
"3386","3386",16
"3387","3387",12
"3388","3388",19
"3389","3389",9
"3390","3390",4
"3391","3391",21
"3392","3392",4
"3393","3393",16
"3394","3394",10
"3395","3395",20
"3396","3396",5
"3397","3397",8
"3398","3398",12
"3399","3399",6
"3400","3400",6
"3401","3401",7
"3402","3402",8
"3403","3403",15
"3404","3404",16
"3405","3405",16
"3406","3406",7
"3407","3407",18
"3408","3408",10
"3409","3409",8
"3410","3410",12
"3411","3411",22
"3412","3412",18
"3413","3413",13
"3414","3414",17
"3415","3415",5
"3416","3416",7
"3417","3417",7
"3418","3418",6
"3419","3419",23
"3420","3420",14
"3421","3421",20
"3422","3422",21
"3423","3423",10
"3424","3424",17
"3425","3425",13
"3426","3426",15
"3427","3427",19
"3428","3428",14
"3429","3429",13
"3430","3430",14
"3431","3431",10
"3432","3432",14
"3433","3433",3
"3434","3434",14
"3435","3435",5
"3436","3436",6
"3437","3437",10
"3438","3438",9
"3439","3439",7
"3440","3440",15
"3441","3441",17
"3442","3442",14
"3443","3443",7
"3444","3444",17
"3445","3445",10
"3446","3446",14
"3447","3447",19
"3448","3448",21
"3449","3449",10
"3450","3450",5
"3451","3451",6
"3452","3452",15
"3453","3453",7
"3454","3454",9
"3455","3455",13
"3456","3456",17
"3457","3457",14
"3458","3458",20
"3459","3459",17
"3460","3460",11
"3461","3461",8
"3462","3462",19
"3463","3463",16
"3464","3464",19
"3465","3465",8
"3466","3466",8
"3467","3467",20
"3468","3468",8
"3469","3469",13
"3470","3470",16
"3471","3471",12
"3472","3472",6
"3473","3473",11
"3474","3474",10
"3475","3475",8
"3476","3476",12
"3477","3477",21
"3478","3478",12
"3479","3479",8
"3480","3480",13
"3481","3481",3
"3482","3482",14
"3483","3483",16
"3484","3484",14
"3485","3485",6
"3486","3486",9
"3487","3487",15
"3488","3488",20
"3489","3489",20
"3490","3490",7
"3491","3491",23
"3492","3492",22
"3493","3493",19
"3494","3494",15
"3495","3495",20
"3496","3496",12
"3497","3497",19
"3498","3498",2
"3499","3499",20
"3500","3500",12
"3501","3501",20
"3502","3502",12
"3503","3503",22
"3504","3504",11
"3505","3505",14
"3506","3506",16
"3507","3507",22
"3508","3508",5
"3509","3509",15
"3510","3510",10
"3511","3511",8
"3512","3512",8
"3513","3513",14
"3514","3514",18
"3515","3515",20
"3516","3516",10
"3517","3517",16
"3518","3518",17
"3519","3519",11
"3520","3520",14
"3521","3521",20
"3522","3522",20
"3523","3523",22
"3524","3524",15
"3525","3525",4
"3526","3526",16
"3527","3527",14
"3528","3528",3
"3529","3529",15
"3530","3530",11
"3531","3531",9
"3532","3532",17
"3533","3533",9
"3534","3534",12
"3535","3535",19
"3536","3536",17
"3537","3537",13
"3538","3538",20
"3539","3539",17
"3540","3540",2
"3541","3541",8
"3542","3542",8
"3543","3543",4
"3544","3544",17
"3545","3545",15
"3546","3546",3
"3547","3547",5
"3548","3548",6
"3549","3549",14
"3550","3550",15
"3551","3551",14
"3552","3552",9
"3553","3553",4
"3554","3554",13
"3555","3555",22
"3556","3556",11
"3557","3557",14
"3558","3558",4
"3559","3559",20
"3560","3560",12
"3561","3561",5
"3562","3562",4
"3563","3563",6
"3564","3564",21
"3565","3565",10
"3566","3566",21
"3567","3567",19
"3568","3568",6
"3569","3569",14
"3570","3570",10
"3571","3571",8
"3572","3572",13
"3573","3573",7
"3574","3574",6
"3575","3575",11
"3576","3576",17
"3577","3577",6
"3578","3578",12
"3579","3579",23
"3580","3580",20
"3581","3581",18
"3582","3582",19
"3583","3583",20
"3584","3584",18
"3585","3585",10
"3586","3586",15
"3587","3587",6
"3588","3588",10
"3589","3589",12
"3590","3590",21
"3591","3591",7
"3592","3592",10
"3593","3593",8
"3594","3594",4
"3595","3595",13
"3596","3596",17
"3597","3597",13
"3598","3598",9
"3599","3599",18
"3600","3600",7
"3601","3601",13
"3602","3602",10
"3603","3603",12
"3604","3604",16
"3605","3605",16
"3606","3606",4
"3607","3607",16
"3608","3608",18
"3609","3609",18
"3610","3610",14
"3611","3611",15
"3612","3612",12
"3613","3613",21
"3614","3614",15
"3615","3615",8
"3616","3616",12
"3617","3617",12
"3618","3618",22
"3619","3619",13
"3620","3620",19
"3621","3621",22
"3622","3622",14
"3623","3623",7
"3624","3624",17
"3625","3625",15
"3626","3626",11
"3627","3627",12
"3628","3628",2
"3629","3629",16
"3630","3630",16
"3631","3631",14
"3632","3632",23
"3633","3633",18
"3634","3634",4
"3635","3635",19
"3636","3636",17
"3637","3637",14
"3638","3638",11
"3639","3639",20
"3640","3640",11
"3641","3641",17
"3642","3642",18
"3643","3643",8
"3644","3644",3
"3645","3645",3
"3646","3646",5
"3647","3647",21
"3648","3648",6
"3649","3649",14
"3650","3650",8
"3651","3651",22
"3652","3652",18
"3653","3653",15
"3654","3654",10
"3655","3655",6
"3656","3656",6
"3657","3657",10
"3658","3658",10
"3659","3659",17
"3660","3660",17
"3661","3661",16
"3662","3662",11
"3663","3663",6
"3664","3664",7
"3665","3665",10
"3666","3666",11
"3667","3667",23
"3668","3668",1
"3669","3669",16
"3670","3670",22
"3671","3671",1
"3672","3672",8
"3673","3673",20
"3674","3674",2
"3675","3675",20
"3676","3676",9
"3677","3677",17
"3678","3678",8
"3679","3679",7
"3680","3680",10
"3681","3681",9
"3682","3682",21
"3683","3683",19
"3684","3684",15
"3685","3685",14
"3686","3686",12
"3687","3687",11
"3688","3688",13
"3689","3689",22
"3690","3690",11
"3691","3691",11
"3692","3692",19
"3693","3693",13
"3694","3694",13
"3695","3695",15
"3696","3696",6
"3697","3697",19
"3698","3698",6
"3699","3699",14
"3700","3700",7
"3701","3701",23
"3702","3702",5
"3703","3703",5
"3704","3704",14
"3705","3705",15
"3706","3706",16
"3707","3707",11
"3708","3708",10
"3709","3709",22
"3710","3710",19
"3711","3711",14
"3712","3712",8
"3713","3713",16
"3714","3714",11
"3715","3715",9
"3716","3716",20
"3717","3717",17
"3718","3718",15
"3719","3719",5
"3720","3720",15
"3721","3721",5
"3722","3722",5
"3723","3723",10
"3724","3724",20
"3725","3725",23
"3726","3726",18
"3727","3727",21
"3728","3728",12
"3729","3729",17
"3730","3730",21
"3731","3731",18
"3732","3732",21
"3733","3733",10
"3734","3734",17
"3735","3735",17
"3736","3736",9
"3737","3737",13
"3738","3738",23
"3739","3739",16
"3740","3740",6
"3741","3741",8
"3742","3742",7
"3743","3743",10
"3744","3744",7
"3745","3745",17
"3746","3746",15
"3747","3747",22
"3748","3748",13
"3749","3749",16
"3750","3750",10
"3751","3751",20
"3752","3752",20
"3753","3753",6
"3754","3754",22
"3755","3755",17
"3756","3756",20
"3757","3757",10
"3758","3758",22
"3759","3759",6
"3760","3760",14
"3761","3761",9
"3762","3762",22
"3763","3763",17
"3764","3764",14
"3765","3765",22
"3766","3766",13
"3767","3767",3
"3768","3768",11
"3769","3769",1
"3770","3770",4
"3771","3771",8
"3772","3772",12
"3773","3773",18
"3774","3774",18
"3775","3775",6
"3776","3776",6
"3777","3777",22
"3778","3778",6
"3779","3779",13
"3780","3780",10
"3781","3781",21
"3782","3782",14
"3783","3783",8
"3784","3784",7
"3785","3785",3
"3786","3786",5
"3787","3787",18
"3788","3788",20
"3789","3789",21
"3790","3790",14
"3791","3791",11
"3792","3792",22
"3793","3793",4
"3794","3794",8
"3795","3795",5
"3796","3796",12
"3797","3797",12
"3798","3798",19
"3799","3799",6
"3800","3800",8
"3801","3801",23
"3802","3802",6
"3803","3803",7
"3804","3804",11
"3805","3805",21
"3806","3806",19
"3807","3807",5
"3808","3808",14
"3809","3809",8
"3810","3810",6
"3811","3811",11
"3812","3812",22
"3813","3813",19
"3814","3814",6
"3815","3815",15
"3816","3816",20
"3817","3817",10
"3818","3818",14
"3819","3819",13
"3820","3820",17
"3821","3821",4
"3822","3822",22
"3823","3823",4
"3824","3824",18
"3825","3825",8
"3826","3826",20
"3827","3827",18
"3828","3828",15
"3829","3829",18
"3830","3830",11
"3831","3831",17
"3832","3832",11
"3833","3833",13
"3834","3834",12
"3835","3835",4
"3836","3836",14
"3837","3837",19
"3838","3838",13
"3839","3839",12
"3840","3840",16
"3841","3841",5
"3842","3842",4
"3843","3843",17
"3844","3844",12
"3845","3845",13
"3846","3846",19
"3847","3847",15
"3848","3848",3
"3849","3849",13
"3850","3850",8
"3851","3851",5
"3852","3852",8
"3853","3853",17
"3854","3854",11
"3855","3855",20
"3856","3856",16
"3857","3857",16
"3858","3858",21
"3859","3859",14
"3860","3860",3
"3861","3861",14
"3862","3862",6
"3863","3863",18
"3864","3864",4
"3865","3865",17
"3866","3866",15
"3867","3867",15
"3868","3868",7
"3869","3869",7
"3870","3870",9
"3871","3871",19
"3872","3872",6
"3873","3873",9
"3874","3874",15
"3875","3875",18
"3876","3876",13
"3877","3877",8
"3878","3878",16
"3879","3879",2
"3880","3880",17
"3881","3881",2
"3882","3882",9
"3883","3883",14
"3884","3884",8
"3885","3885",20
"3886","3886",17
"3887","3887",8
"3888","3888",5
"3889","3889",8
"3890","3890",17
"3891","3891",4
"3892","3892",9
"3893","3893",11
"3894","3894",15
"3895","3895",10
"3896","3896",11
"3897","3897",7
"3898","3898",8
"3899","3899",14
"3900","3900",4
"3901","3901",16
"3902","3902",19
"3903","3903",15
"3904","3904",22
"3905","3905",13
"3906","3906",9
"3907","3907",10
"3908","3908",13
"3909","3909",6
"3910","3910",19
"3911","3911",16
"3912","3912",10
"3913","3913",8
"3914","3914",17
"3915","3915",9
"3916","3916",19
"3917","3917",13
"3918","3918",18
"3919","3919",2
"3920","3920",20
"3921","3921",18
"3922","3922",18
"3923","3923",9
"3924","3924",5
"3925","3925",20
"3926","3926",21
"3927","3927",21
"3928","3928",8
"3929","3929",21
"3930","3930",4
"3931","3931",21
"3932","3932",7
"3933","3933",20
"3934","3934",17
"3935","3935",5
"3936","3936",10
"3937","3937",10
"3938","3938",11
"3939","3939",10
"3940","3940",18
"3941","3941",9
"3942","3942",13
"3943","3943",18
"3944","3944",5
"3945","3945",11
"3946","3946",10
"3947","3947",19
"3948","3948",5
"3949","3949",7
"3950","3950",8
"3951","3951",4
"3952","3952",5
"3953","3953",9
"3954","3954",19
"3955","3955",12
"3956","3956",7
"3957","3957",23
"3958","3958",13
"3959","3959",15
"3960","3960",18
"3961","3961",7
"3962","3962",6
"3963","3963",23
"3964","3964",10
"3965","3965",6
"3966","3966",5
"3967","3967",17
"3968","3968",14
"3969","3969",21
"3970","3970",8
"3971","3971",5
"3972","3972",11
"3973","3973",20
"3974","3974",16
"3975","3975",10
"3976","3976",15
"3977","3977",11
"3978","3978",10
"3979","3979",8
"3980","3980",4
"3981","3981",21
"3982","3982",17
"3983","3983",8
"3984","3984",17
"3985","3985",14
"3986","3986",15
"3987","3987",11
"3988","3988",12
"3989","3989",18
"3990","3990",12
"3991","3991",18
"3992","3992",14
"3993","3993",11
"3994","3994",21
"3995","3995",18
"3996","3996",11
"3997","3997",10
"3998","3998",12
"3999","3999",13
"4000","4000",9
"4001","4001",16
"4002","4002",16
"4003","4003",10
"4004","4004",15
"4005","4005",7
"4006","4006",21
"4007","4007",8
"4008","4008",7
"4009","4009",12
"4010","4010",16
"4011","4011",14
"4012","4012",10
"4013","4013",8
"4014","4014",6
"4015","4015",18
"4016","4016",9
"4017","4017",13
"4018","4018",11
"4019","4019",8
"4020","4020",19
"4021","4021",14
"4022","4022",15
"4023","4023",15
"4024","4024",20
"4025","4025",11
"4026","4026",7
"4027","4027",3
"4028","4028",8
"4029","4029",3
"4030","4030",17
"4031","4031",9
"4032","4032",12
"4033","4033",12
"4034","4034",17
"4035","4035",13
"4036","4036",16
"4037","4037",17
"4038","4038",7
"4039","4039",11
"4040","4040",13
"4041","4041",21
"4042","4042",4
"4043","4043",17
"4044","4044",10
"4045","4045",19
"4046","4046",21
"4047","4047",3
"4048","4048",13
"4049","4049",8
"4050","4050",16
"4051","4051",10
"4052","4052",19
"4053","4053",14
"4054","4054",9
"4055","4055",18
"4056","4056",1
"4057","4057",7
"4058","4058",14
"4059","4059",6
"4060","4060",23
"4061","4061",14
"4062","4062",22
"4063","4063",9
"4064","4064",18
"4065","4065",15
"4066","4066",15
"4067","4067",20
"4068","4068",7
"4069","4069",10
"4070","4070",5
"4071","4071",6
"4072","4072",13
"4073","4073",6
"4074","4074",12
"4075","4075",20
"4076","4076",12
"4077","4077",8
"4078","4078",17
"4079","4079",9
"4080","4080",19
"4081","4081",6
"4082","4082",7
"4083","4083",13
"4084","4084",7
"4085","4085",13
"4086","4086",9
"4087","4087",19
"4088","4088",14
"4089","4089",3
"4090","4090",23
"4091","4091",9
"4092","4092",7
"4093","4093",10
"4094","4094",14
"4095","4095",14
"4096","4096",14
"4097","4097",9
"4098","4098",9
"4099","4099",4
"4100","4100",14
"4101","4101",14
"4102","4102",6
"4103","4103",20
"4104","4104",7
"4105","4105",11
"4106","4106",20
"4107","4107",10
"4108","4108",20
"4109","4109",20
"4110","4110",10
"4111","4111",14
"4112","4112",13
"4113","4113",7
"4114","4114",11
"4115","4115",16
"4116","4116",7
"4117","4117",12
"4118","4118",13
"4119","4119",13
"4120","4120",10
"4121","4121",4
"4122","4122",15
"4123","4123",6
"4124","4124",17
"4125","4125",2
"4126","4126",12
"4127","4127",9
"4128","4128",9
"4129","4129",5
"4130","4130",15
"4131","4131",21
"4132","4132",13
"4133","4133",8
"4134","4134",14
"4135","4135",8
"4136","4136",15
"4137","4137",14
"4138","4138",17
"4139","4139",11
"4140","4140",18
"4141","4141",20
"4142","4142",17
"4143","4143",21
"4144","4144",8
"4145","4145",6
"4146","4146",5
"4147","4147",19
"4148","4148",9
"4149","4149",17
"4150","4150",18
"4151","4151",9
"4152","4152",23
"4153","4153",15
"4154","4154",10
"4155","4155",12
"4156","4156",5
"4157","4157",20
"4158","4158",8
"4159","4159",14
"4160","4160",16
"4161","4161",19
"4162","4162",15
"4163","4163",17
"4164","4164",1
"4165","4165",13
"4166","4166",18
"4167","4167",20
"4168","4168",15
"4169","4169",10
"4170","4170",18
"4171","4171",13
"4172","4172",2
"4173","4173",17
"4174","4174",15
"4175","4175",9
"4176","4176",21
"4177","4177",11
"4178","4178",4
"4179","4179",15
"4180","4180",20
"4181","4181",6
"4182","4182",9
"4183","4183",14
"4184","4184",8
"4185","4185",10
"4186","4186",8
"4187","4187",4
"4188","4188",15
"4189","4189",20
"4190","4190",16
"4191","4191",12
"4192","4192",10
"4193","4193",8
"4194","4194",10
"4195","4195",18
"4196","4196",21
"4197","4197",17
"4198","4198",11
"4199","4199",8
"4200","4200",22
"4201","4201",13
"4202","4202",8
"4203","4203",14
"4204","4204",17
"4205","4205",10
"4206","4206",13
"4207","4207",16
"4208","4208",10
"4209","4209",15
"4210","4210",18
"4211","4211",14
"4212","4212",20
"4213","4213",18
"4214","4214",10
"4215","4215",8
"4216","4216",5
"4217","4217",20
"4218","4218",9
"4219","4219",17
"4220","4220",19
"4221","4221",22
"4222","4222",3
"4223","4223",10
"4224","4224",5
"4225","4225",23
"4226","4226",8
"4227","4227",13
"4228","4228",19
"4229","4229",12
"4230","4230",11
"4231","4231",18
"4232","4232",5
"4233","4233",10
"4234","4234",13
"4235","4235",17
"4236","4236",11
"4237","4237",10
"4238","4238",7
"4239","4239",18
"4240","4240",6
"4241","4241",9
"4242","4242",22
"4243","4243",6
"4244","4244",12
"4245","4245",10
"4246","4246",4
"4247","4247",10
"4248","4248",19
"4249","4249",10
"4250","4250",13
"4251","4251",9
"4252","4252",21
"4253","4253",6
"4254","4254",16
"4255","4255",8
"4256","4256",15
"4257","4257",8
"4258","4258",16
"4259","4259",5
"4260","4260",7
"4261","4261",20
"4262","4262",9
"4263","4263",18
"4264","4264",14
"4265","4265",10
"4266","4266",18
"4267","4267",19
"4268","4268",16
"4269","4269",18
"4270","4270",14
"4271","4271",5
"4272","4272",11
"4273","4273",12
"4274","4274",10
"4275","4275",5
"4276","4276",6
"4277","4277",7
"4278","4278",5
"4279","4279",12
"4280","4280",8
"4281","4281",21
"4282","4282",5
"4283","4283",12
"4284","4284",15
"4285","4285",21
"4286","4286",21
"4287","4287",7
"4288","4288",15
"4289","4289",16
"4290","4290",8
"4291","4291",16
"4292","4292",13
"4293","4293",19
"4294","4294",6
"4295","4295",6
"4296","4296",7
"4297","4297",20
"4298","4298",9
"4299","4299",18
"4300","4300",9
"4301","4301",9
"4302","4302",23
"4303","4303",12
"4304","4304",10
"4305","4305",14
"4306","4306",15
"4307","4307",4
"4308","4308",19
"4309","4309",19
"4310","4310",9
"4311","4311",11
"4312","4312",11
"4313","4313",19
"4314","4314",12
"4315","4315",17
"4316","4316",11
"4317","4317",1
"4318","4318",9
"4319","4319",14
"4320","4320",13
"4321","4321",22
"4322","4322",18
"4323","4323",11
"4324","4324",12
"4325","4325",12
"4326","4326",16
"4327","4327",18
"4328","4328",16
"4329","4329",11
"4330","4330",21
"4331","4331",5
"4332","4332",19
"4333","4333",4
"4334","4334",21
"4335","4335",14
"4336","4336",19
"4337","4337",11
"4338","4338",8
"4339","4339",13
"4340","4340",10
"4341","4341",14
"4342","4342",16
"4343","4343",22
"4344","4344",14
"4345","4345",7
"4346","4346",18
"4347","4347",16
"4348","4348",8
"4349","4349",9
"4350","4350",10
"4351","4351",14
"4352","4352",15
"4353","4353",9
"4354","4354",2
"4355","4355",11
"4356","4356",3
"4357","4357",20
"4358","4358",22
"4359","4359",20
"4360","4360",6
"4361","4361",19
"4362","4362",17
"4363","4363",19
"4364","4364",11
"4365","4365",14
"4366","4366",16
"4367","4367",16
"4368","4368",6
"4369","4369",19
"4370","4370",11
"4371","4371",14
"4372","4372",6
"4373","4373",7
"4374","4374",6
"4375","4375",2
"4376","4376",11
"4377","4377",19
"4378","4378",17
"4379","4379",14
"4380","4380",11
"4381","4381",17
"4382","4382",10
"4383","4383",7
"4384","4384",22
"4385","4385",19
"4386","4386",17
"4387","4387",16
"4388","4388",12
"4389","4389",19
"4390","4390",5
"4391","4391",12
"4392","4392",9
"4393","4393",9
"4394","4394",22
"4395","4395",6
"4396","4396",11
"4397","4397",18
"4398","4398",8
"4399","4399",22
"4400","4400",22
"4401","4401",5
"4402","4402",5
"4403","4403",11
"4404","4404",19
"4405","4405",6
"4406","4406",6
"4407","4407",8
"4408","4408",18
"4409","4409",8
"4410","4410",17
